feature,data_type,is_target,univar_score,pvalue,fdr,rf_importance,gb_importance,mi_score,corr_score,univar_norm,rf_norm,gb_norm,mi_norm,corr_norm,final_score,target_bonus
d__Bacteria|p__Firmicutes|c__Clostridia|o__Clostridiales|f__Lachnospiraceae|g__Blautia|s__Ruminococcus gnavus,Microbiome,True,1.2744389520112487,0.017857603470247015,0.1644149030875804,0.0010821934917502895,0.0,0.04922065455375968,2.3706287096008003,0.18214381917101535,0.08365466472512183,0.0,0.1585334701888846,0.8829368425392387,0.3876305167148416,0.2
Phenethylamine,Metabolome,True,1.5587884233101237,0.009744273631270613,0.12259926744044859,4.753344232166874e-19,5.614723554710752e-08,0.10271312819638823,0.9211178951908899,0.22278354645095258,3.674383750191363e-17,7.063677408171762e-07,0.33082592652529846,0.34306887564994804,0.3507659817526235,0.2
